"Name","Team","BABIP","GB/FB","LD%","GB%","FB%","IFFB%","HR/FB","RS","RS/9","Balls","Strikes","Pitches","Pull%","Cent%","Oppo%","Soft%","Med%","Hard%","playerid"
"Zach Britton","Orioles",".230","9.14","11.3 %","80.0 %","8.8 %","0.0 %","7.1 %","5","0.67","376","651","1027","42.0 %","40.1 %","17.9 %","30.9 %","54.3 %","14.8 %","3240"
"Sam Dyson","Rangers",".291","4.09","18.9 %","65.2 %","15.9 %","15.6 %","15.6 %","10","1.28","348","642","990","44.6 %","37.3 %","18.1 %","25.0 %","47.6 %","27.5 %","11710"
"Michael Lorenzen","Reds",".277","3.82","20.9 %","62.7 %","16.4 %","9.1 %","22.7 %","29","5.22","267","488","755","41.5 %","32.6 %","25.9 %","22.2 %","54.8 %","23.0 %","14843"
"Jeremy Jeffress","- - -",".303","3.75","23.6 %","60.3 %","16.1 %","3.6 %","7.1 %","24","3.72","296","571","867","32.8 %","39.0 %","28.3 %","22.0 %","60.5 %","17.5 %","9490"
"Clayton Richard","- - -",".338","3.63","17.0 %","65.1 %","17.9 %","2.4 %","9.8 %","29","3.86","417","669","1086","34.1 %","39.7 %","26.3 %","21.6 %","52.6 %","25.9 %","3551"
"Brad Ziegler","- - -",".325","3.60","19.1 %","63.3 %","17.6 %","5.7 %","5.7 %","20","2.65","381","654","1035","43.6 %","37.6 %","18.8 %","17.3 %","51.5 %","31.2 %","7293"
"Blake Treinen","Nationals",".280","3.33","14.4 %","65.9 %","19.8 %","0.0 %","15.2 %","29","3.90","389","613","1002","37.3 %","35.5 %","27.2 %","27.8 %","49.1 %","23.1 %","12572"
"Jeurys Familia","Mets",".304","3.32","17.6 %","63.3 %","19.1 %","7.9 %","2.6 %","3","0.35","439","823","1262","33.7 %","38.1 %","28.3 %","31.7 %","48.3 %","20.0 %","5114"
"Jarred Cosart","- - -",".308","3.29","20.7 %","60.9 %","18.5 %","0.0 %","11.8 %","24","3.79","469","626","1095","38.6 %","38.1 %","23.3 %","25.9 %","46.0 %","28.0 %","10304"
"Dan Otero","Indians",".260","3.18","18.1 %","62.3 %","19.6 %","10.3 %","5.1 %","32","4.08","319","682","1001","37.6 %","40.1 %","22.3 %","21.3 %","57.9 %","20.8 %","7385"
"Matt Bowman","Cardinals",".270","3.18","18.9 %","61.7 %","19.4 %","7.5 %","10.0 %","37","4.92","394","666","1060","45.2 %","33.2 %","21.6 %","24.5 %","54.3 %","21.2 %","13528"
"Brandon Kintzler","Twins",".310","3.11","18.2 %","61.9 %","19.9 %","5.7 %","14.3 %","10","1.66","275","553","828","30.2 %","34.6 %","35.2 %","22.4 %","48.0 %","29.6 %","9939"
"Mike Montgomery","- - -",".267","3.08","22.7 %","58.4 %","19.0 %","9.8 %","15.7 %","55","4.95","584","929","1513","47.5 %","33.6 %","19.0 %","18.3 %","56.2 %","25.6 %","4869"
"Alex Claudio","Rangers",".312","3.06","17.0 %","62.6 %","20.5 %","8.6 %","5.7 %","37","6.45","264","525","789","37.2 %","36.6 %","26.2 %","26.7 %","45.4 %","27.9 %","12890"
"Marcus Stroman","Blue Jays",".308","2.95","19.6 %","60.1 %","20.4 %","5.5 %","16.5 %","104","4.59","1102","2000","3102","43.7 %","34.1 %","22.2 %","18.3 %","50.0 %","31.8 %","13431"
"Chris Rusin","Rockies",".308","2.84","21.0 %","58.4 %","20.6 %","2.0 %","10.0 %","61","6.51","468","796","1264","44.3 %","34.5 %","21.2 %","17.7 %","52.6 %","29.8 %","9895"
"Luis Perdomo","Padres",".341","2.77","19.7 %","59.0 %","21.3 %","3.8 %","21.7 %","80","4.91","861","1510","2371","41.6 %","37.0 %","21.5 %","16.7 %","49.3 %","34.0 %","14682"
"Lance McCullers","Astros",".383","2.71","21.6 %","57.3 %","21.1 %","9.5 %","11.9 %","32","3.56","502","840","1342","35.3 %","34.8 %","29.9 %","19.9 %","54.7 %","25.4 %","14120"
"J.P. Howell","Dodgers",".338","2.68","18.8 %","59.1 %","22.1 %","2.9 %","11.8 %","28","4.97","349","534","883","36.7 %","37.3 %","26.0 %","21.5 %","50.0 %","28.5 %","8245"
"Trevor Cahill","Cubs",".246","2.61","21.7 %","56.6 %","21.7 %","2.6 %","18.4 %","25","3.43","487","675","1162","46.6 %","33.7 %","19.7 %","20.2 %","50.0 %","29.8 %","6249"
"Zach Duke","- - -",".297","2.50","17.6 %","58.8 %","23.5 %","22.2 %","5.6 %","23","3.39","392","622","1014","38.2 %","38.2 %","23.6 %","28.7 %","50.3 %","21.0 %","3840"
"Fernando Rodney","- - -",".302","2.43","22.1 %","55.2 %","22.7 %","5.4 %","13.5 %","13","1.79","460","689","1149","46.1 %","31.1 %","22.8 %","24.6 %","50.9 %","24.6 %","494"
"Dan Jennings","White Sox",".309","2.43","23.9 %","53.9 %","22.2 %","17.5 %","2.5 %","41","6.08","406","621","1027","40.1 %","34.1 %","25.8 %","29.1 %","45.6 %","25.3 %","8073"
"Jim Johnson","Braves",".314","2.41","22.2 %","55.0 %","22.8 %","2.6 %","7.7 %","15","2.09","386","668","1054","34.9 %","42.9 %","22.3 %","22.3 %","50.9 %","26.9 %","3656"
"Ian Krol","Braves",".355","2.39","20.6 %","56.0 %","23.4 %","9.1 %","12.1 %","23","4.06","315","575","890","35.9 %","40.7 %","23.5 %","16.6 %","57.2 %","26.2 %","10066"
"Will Harris","Astros",".293","2.33","17.2 %","58.0 %","24.9 %","7.1 %","7.1 %","12","1.69","370","675","1045","40.2 %","30.2 %","29.6 %","17.8 %","51.5 %","30.8 %","3192"
"Luke Gregerson","Astros",".239","2.33","14.3 %","60.0 %","25.7 %","11.1 %","13.9 %","19","2.97","298","554","852","43.4 %","38.5 %","18.2 %","24.5 %","47.6 %","28.0 %","4090"
"Dallas Keuchel","Astros",".304","2.33","19.0 %","56.7 %","24.4 %","10.7 %","16.4 %","76","4.07","996","1674","2670","42.2 %","39.1 %","18.7 %","21.1 %","49.1 %","29.8 %","9434"
"Jaime Garcia","Cardinals",".305","2.26","18.3 %","56.7 %","25.0 %","7.0 %","20.2 %","92","4.82","936","1642","2578","46.3 %","32.6 %","21.1 %","18.6 %","50.3 %","31.1 %","8137"
"Tyler Chatwood","Rockies",".286","2.23","17.2 %","57.2 %","25.6 %","5.8 %","12.4 %","76","4.33","1010","1536","2546","35.8 %","37.9 %","26.3 %","19.0 %","51.6 %","29.5 %","4338"
"Aaron Nola","Phillies",".334","2.23","20.0 %","55.2 %","24.8 %","3.8 %","12.8 %","58","4.70","608","1188","1796","42.5 %","36.1 %","21.4 %","23.2 %","48.0 %","28.8 %","16149"
"Jared Hughes","Pirates",".295","2.20","15.8 %","57.9 %","26.3 %","2.0 %","12.0 %","30","4.55","351","557","908","43.4 %","35.2 %","21.4 %","20.9 %","49.0 %","30.1 %","9325"
"Carlos Martinez","Cardinals",".286","2.18","17.6 %","56.4 %","25.9 %","5.0 %","10.6 %","120","5.53","1067","1961","3028","37.2 %","35.2 %","27.6 %","19.1 %","51.3 %","29.6 %","11682"
"Aaron Sanchez","Blue Jays",".267","2.16","20.5 %","54.4 %","25.1 %","7.1 %","10.7 %","120","5.63","1091","1828","2919","36.2 %","34.2 %","29.6 %","20.7 %","49.0 %","30.3 %","11490"
"Mark Melancon","- - -",".259","2.15","20.5 %","54.2 %","25.3 %","4.2 %","6.3 %","3","0.38","337","686","1023","40.1 %","34.4 %","25.5 %","30.2 %","46.4 %","23.4 %","4264"
"Kyle Ryan","Tigers",".269","2.13","17.5 %","56.1 %","26.3 %","6.7 %","4.4 %","31","5.01","301","536","837","40.5 %","39.3 %","20.2 %","16.8 %","53.8 %","29.5 %","11753"
"Mike Leake","Cardinals",".318","2.12","21.0 %","53.7 %","25.3 %","4.1 %","13.5 %","94","4.79","897","1762","2659","38.0 %","37.7 %","24.4 %","17.3 %","52.1 %","30.6 %","10130"
"Jordan Lyles","Rockies",".317","2.06","23.5 %","51.5 %","25.0 %","3.9 %","7.8 %","38","5.83","374","583","957","44.2 %","34.6 %","21.2 %","14.9 %","53.4 %","31.7 %","7593"
"Williams Perez","Braves",".275","2.06","15.2 %","57.1 %","27.7 %","5.9 %","13.7 %","25","4.19","306","553","859","34.9 %","38.1 %","27.0 %","19.6 %","50.8 %","29.6 %","11592"
"Mike Pelfrey","Tigers",".347","2.02","21.9 %","52.2 %","25.9 %","16.4 %","13.6 %","58","4.39","813","1241","2054","34.0 %","39.5 %","26.6 %","20.1 %","48.7 %","31.2 %","5203"
"Martin Perez","Rangers",".286","2.02","20.4 %","53.2 %","26.4 %","5.2 %","10.4 %","98","4.44","1119","1959","3078","40.9 %","37.2 %","21.9 %","15.9 %","53.4 %","30.7 %","6902"
"Patrick Corbin","Diamondbacks",".322","2.01","19.4 %","53.8 %","26.8 %","4.6 %","18.3 %","78","4.51","998","1541","2539","44.5 %","34.7 %","20.8 %","15.2 %","46.3 %","38.5 %","9323"
"Dellin Betances","Yankees",".353","2.00","19.1 %","53.9 %","27.0 %","15.8 %","13.2 %","26","3.21","468","782","1250","41.7 %","31.3 %","27.1 %","25.7 %","41.7 %","32.6 %","6216"
"John Axford","Athletics",".311","2.00","18.8 %","54.2 %","27.1 %","7.7 %","11.5 %","33","4.52","480","714","1194","32.7 %","35.2 %","32.1 %","18.4 %","53.6 %","28.1 %","9059"
"Brian Flynn","Royals",".223","2.00","17.8 %","54.8 %","27.4 %","10.0 %","12.5 %","23","3.74","323","492","815","45.8 %","32.7 %","21.6 %","18.3 %","49.7 %","32.0 %","12027"
"Andrew Triggs","Athletics",".315","2.00","23.6 %","50.9 %","25.5 %","4.8 %","11.9 %","21","3.36","348","581","929","37.1 %","38.9 %","24.0 %","19.2 %","53.9 %","27.0 %","13533"
"Jeanmar Gomez","Phillies",".327","1.98","21.8 %","52.0 %","26.2 %","5.1 %","10.2 %","6","0.79","443","711","1154","37.2 %","36.7 %","26.1 %","21.7 %","50.9 %","27.4 %","9033"
"Joe Biagini","Blue Jays",".320","1.98","21.5 %","52.2 %","26.3 %","11.1 %","5.6 %","34","4.52","395","722","1117","36.4 %","35.4 %","28.2 %","17.7 %","59.3 %","23.0 %","13194"
"Alex Wood","Dodgers",".317","1.98","19.5 %","53.5 %","27.0 %","9.3 %","11.6 %","24","3.58","345","640","985","35.8 %","35.2 %","29.1 %","18.8 %","51.5 %","29.7 %","13781"
"Sonny Gray","Athletics",".319","1.96","18.7 %","53.9 %","27.5 %","8.7 %","17.5 %","56","4.31","736","1211","1947","43.7 %","33.6 %","22.8 %","16.1 %","50.3 %","33.6 %","12768"
"Matt Garza","Brewers",".311","1.96","17.2 %","54.8 %","28.0 %","14.6 %","11.5 %","60","5.31","630","1087","1717","43.2 %","31.3 %","25.6 %","19.0 %","46.0 %","34.9 %","3340"
"Bryan Shaw","Indians",".284","1.96","18.9 %","53.7 %","27.4 %","8.3 %","16.7 %","31","4.19","438","720","1158","33.3 %","36.7 %","29.9 %","21.5 %","58.2 %","20.3 %","8110"
"Jhan Marinez","- - -",".309","1.94","23.8 %","50.3 %","25.9 %","10.2 %","8.2 %","27","3.90","355","598","953","42.7 %","34.9 %","22.4 %","19.8 %","51.0 %","29.2 %","5830"
"Ivan Nova","- - -",".306","1.94","18.8 %","53.6 %","27.7 %","8.6 %","16.4 %","83","4.61","787","1523","2310","43.9 %","33.5 %","22.7 %","18.5 %","47.1 %","34.4 %","1994"
"Blake Wood","Reds",".315","1.93","19.3 %","53.1 %","27.5 %","10.5 %","15.8 %","41","4.81","508","805","1313","32.7 %","39.4 %","27.9 %","18.8 %","48.1 %","33.2 %","1345"
"JC Ramirez","- - -",".273","1.93","16.7 %","54.9 %","28.5 %","8.6 %","17.1 %","29","3.32","431","811","1242","40.8 %","36.0 %","23.2 %","21.2 %","52.4 %","26.4 %","8302"
"Kyle Barraclough","Marlins",".301","1.92","20.8 %","52.1 %","27.1 %","5.1 %","2.6 %","31","3.84","520","817","1337","29.3 %","43.5 %","27.2 %","19.7 %","51.7 %","28.6 %","13713"
"Dustin McGowan","Marlins",".241","1.92","17.2 %","54.4 %","28.3 %","9.8 %","13.7 %","23","3.09","435","645","1080","47.5 %","32.0 %","20.4 %","22.1 %","50.8 %","27.1 %","8600"
"Jameson Taillon","Pirates",".287","1.92","20.2 %","52.4 %","27.4 %","9.5 %","15.5 %","64","5.54","534","1016","1550","45.7 %","33.9 %","20.5 %","17.3 %","49.5 %","33.2 %","11674"
"Chad Bettis","Rockies",".310","1.91","22.0 %","51.2 %","26.8 %","5.1 %","13.9 %","132","6.39","1157","1898","3055","41.0 %","34.9 %","24.1 %","17.2 %","52.3 %","30.5 %","10587"
"Zack Godley","Diamondbacks",".313","1.91","18.1 %","53.8 %","28.2 %","6.0 %","19.4 %","62","7.47","432","718","1150","45.9 %","35.8 %","18.3 %","17.9 %","50.0 %","32.1 %","14862"
"Andrew Miller","- - -",".256","1.90","17.1 %","54.3 %","28.6 %","5.0 %","20.0 %","33","4.00","334","784","1118","46.1 %","30.5 %","23.4 %","19.2 %","57.5 %","23.4 %","6785"
"Kendall Graveman","Athletics",".289","1.90","20.5 %","52.1 %","27.4 %","6.5 %","12.9 %","86","4.16","1043","1789","2832","42.2 %","36.4 %","21.4 %","17.0 %","53.9 %","29.1 %","15514"
"Jake Arrieta","Cubs",".241","1.89","19.5 %","52.6 %","27.9 %","7.6 %","11.1 %","150","6.84","1152","1972","3124","38.6 %","38.4 %","22.9 %","22.9 %","51.8 %","25.2 %","4153"
"Noah Syndergaard","Mets",".334","1.88","21.7 %","51.2 %","27.2 %","7.8 %","8.6 %","97","4.75","944","1991","2935","36.6 %","34.3 %","29.1 %","21.0 %","50.9 %","28.1 %","11762"
"Francisco Rodriguez","Tigers",".252","1.87","16.1 %","54.7 %","29.2 %","8.5 %","12.8 %","10","1.54","342","586","928","46.6 %","36.0 %","17.4 %","16.2 %","54.7 %","29.2 %","1642"
"Robbie Ross Jr.","Red Sox",".295","1.87","24.8 %","49.0 %","26.2 %","12.8 %","5.1 %","30","4.88","362","604","966","36.4 %","33.1 %","30.5 %","20.5 %","44.4 %","35.1 %","6819"
"Chien-Ming Wang","Royals",".309","1.85","23.9 %","49.4 %","26.7 %","8.3 %","12.5 %","37","6.24","301","534","835","38.1 %","34.3 %","27.6 %","16.6 %","46.4 %","37.0 %","2074"
"Joe Smith","- - -",".269","1.85","22.5 %","50.3 %","27.2 %","12.2 %","19.5 %","22","3.81","281","534","815","39.9 %","39.2 %","20.9 %","17.7 %","43.1 %","39.2 %","3281"
"Steven Matz","Mets",".313","1.83","21.0 %","51.1 %","27.9 %","9.8 %","13.7 %","70","4.76","713","1440","2153","32.5 %","35.6 %","31.9 %","21.7 %","47.9 %","30.4 %","13361"
"Wily Peralta","Brewers",".336","1.82","22.5 %","50.0 %","27.5 %","4.5 %","17.1 %","63","4.44","842","1290","2132","36.7 %","39.4 %","23.9 %","16.7 %","50.2 %","33.1 %","7738"
"Justin Wilson","Tigers",".340","1.82","14.8 %","54.9 %","30.2 %","12.2 %","12.2 %","32","4.91","351","645","996","39.3 %","32.1 %","28.6 %","16.1 %","58.3 %","25.6 %","4301"
"Taylor Rogers","Twins",".326","1.80","20.1 %","51.4 %","28.5 %","5.9 %","13.7 %","33","4.84","358","648","1006","38.6 %","36.3 %","25.1 %","20.1 %","45.8 %","34.1 %","13449"
"Jon Niese","- - -",".313","1.80","20.4 %","51.1 %","28.5 %","5.3 %","22.1 %","72","5.36","728","1282","2010","42.9 %","33.3 %","23.8 %","15.2 %","52.0 %","32.8 %","4424"
"Derek Law","Giants",".270","1.79","21.6 %","50.3 %","28.1 %","11.6 %","7.0 %","29","4.75","276","520","796","33.6 %","37.4 %","29.0 %","21.3 %","47.1 %","31.6 %","13133"
"Tyler Anderson","Rockies",".318","1.77","20.4 %","50.9 %","28.7 %","8.2 %","12.4 %","56","4.41","591","1202","1793","41.8 %","34.6 %","23.6 %","24.2 %","47.6 %","28.2 %","12880"
"Edinson Volquez","Royals",".319","1.77","19.8 %","51.2 %","29.0 %","8.9 %","12.8 %","86","4.09","1191","2041","3232","46.4 %","35.7 %","17.9 %","19.5 %","48.8 %","31.7 %","3990"
"Zach Neal","Athletics",".265","1.75","16.6 %","53.0 %","30.4 %","8.0 %","12.0 %","28","3.60","312","633","945","46.6 %","34.0 %","19.4 %","20.2 %","56.3 %","23.5 %","11294"
"Ross Stripling","Dodgers",".283","1.74","20.1 %","50.8 %","29.1 %","3.3 %","11.1 %","40","3.60","590","1000","1590","38.5 %","37.3 %","24.2 %","18.8 %","48.4 %","32.8 %","13273"
"Johnny Cueto","Giants",".293","1.73","20.8 %","50.2 %","29.0 %","11.8 %","8.4 %","117","4.79","1110","2189","3299","39.1 %","34.8 %","26.1 %","19.4 %","53.4 %","27.2 %","6893"
"Felix Hernandez","Mariners",".271","1.72","20.5 %","50.2 %","29.2 %","8.4 %","14.5 %","87","5.11","918","1535","2453","46.6 %","32.0 %","21.4 %","16.6 %","54.7 %","28.7 %","4772"
"Francisco Liriano","- - -",".296","1.72","17.8 %","52.0 %","30.3 %","4.3 %","18.8 %","84","4.64","1108","1685","2793","44.6 %","34.5 %","20.9 %","19.4 %","45.8 %","34.8 %","3201"
"Kyle Gibson","Twins",".330","1.71","22.7 %","48.8 %","28.5 %","8.0 %","14.5 %","86","5.25","951","1517","2468","46.9 %","32.9 %","20.2 %","18.6 %","50.4 %","31.0 %","10123"
"Jonathan Broxton","Cardinals",".268","1.71","24.0 %","48.0 %","28.1 %","8.3 %","14.6 %","39","5.79","363","639","1002","28.6 %","38.9 %","32.6 %","23.4 %","56.6 %","20.0 %","4759"
"Rubby de la Rosa","Diamondbacks",".257","1.70","18.3 %","51.4 %","30.3 %","9.3 %","18.6 %","31","5.51","322","535","857","41.7 %","31.9 %","26.4 %","20.8 %","47.2 %","31.9 %","3862"
"Blaine Boyer","Brewers",".325","1.69","22.1 %","48.9 %","28.9 %","10.3 %","5.9 %","30","4.09","345","707","1052","30.8 %","38.0 %","31.2 %","19.4 %","55.7 %","24.9 %","2237"
"Jhoulys Chacin","- - -",".317","1.69","22.9 %","48.4 %","28.7 %","11.8 %","11.0 %","59","3.69","875","1514","2389","39.2 %","36.1 %","24.8 %","19.0 %","49.3 %","31.6 %","2608"
"Scott Feldman","- - -",".308","1.67","20.3 %","49.8 %","29.9 %","6.7 %","13.3 %","37","4.32","492","824","1316","43.5 %","28.5 %","28.1 %","21.2 %","54.2 %","24.6 %","6283"
"Joakim Soria","Royals",".323","1.65","19.7 %","50.0 %","30.3 %","10.5 %","17.5 %","28","3.78","427","766","1193","36.2 %","34.7 %","29.1 %","20.4 %","50.5 %","29.1 %","6941"
"Clayton Kershaw","Dodgers",".254","1.64","20.5 %","49.4 %","30.1 %","15.1 %","7.5 %","75","4.53","636","1426","2062","41.8 %","33.4 %","24.8 %","20.3 %","51.3 %","28.4 %","2036"
"Erasmo Ramirez","Rays",".280","1.64","15.5 %","52.5 %","32.0 %","13.5 %","15.7 %","39","3.87","473","885","1358","44.2 %","36.1 %","19.7 %","19.3 %","54.4 %","26.3 %","10314"
"Tyler Duffey","Twins",".339","1.63","22.7 %","47.9 %","29.4 %","10.9 %","19.5 %","91","6.16","792","1486","2278","44.8 %","34.7 %","20.5 %","17.1 %","49.3 %","33.6 %","13758"
"Yordano Ventura","Royals",".297","1.63","19.0 %","50.2 %","30.9 %","9.5 %","12.8 %","78","3.77","1180","1868","3048","39.9 %","34.5 %","25.6 %","17.1 %","52.2 %","30.7 %","11855"
"Tony Barnette","Rangers",".289","1.62","25.1 %","46.3 %","28.6 %","10.0 %","8.0 %","48","7.16","341","580","921","46.9 %","30.5 %","22.6 %","17.5 %","53.1 %","29.4 %","3555"
"Alfredo Simon","Reds",".361","1.61","19.7 %","49.5 %","30.7 %","6.0 %","22.4 %","39","5.98","452","668","1120","49.1 %","34.1 %","16.8 %","17.3 %","51.4 %","31.4 %","2155"
"Gio Gonzalez","Nationals",".316","1.61","22.9 %","47.6 %","29.5 %","8.6 %","12.5 %","104","5.28","1208","1908","3116","38.4 %","35.4 %","26.2 %","18.1 %","49.2 %","32.7 %","7448"
"Cole Hamels","Rangers",".299","1.61","19.5 %","49.6 %","30.8 %","4.1 %","14.0 %","109","4.89","1197","2056","3253","47.1 %","31.3 %","21.7 %","20.4 %","47.6 %","32.0 %","4972"
"James Paxton","Mariners",".347","1.60","21.9 %","48.1 %","30.1 %","8.2 %","8.2 %","72","5.36","661","1289","1950","36.3 %","33.3 %","30.4 %","14.1 %","52.9 %","33.1 %","11828"
"Felipe Rivero","- - -",".312","1.59","21.5 %","48.2 %","30.3 %","6.8 %","11.9 %","31","3.62","456","838","1294","33.2 %","36.7 %","30.1 %","23.5 %","43.9 %","32.7 %","12076"
"Alex Colome","Rays",".280","1.59","23.2 %","47.1 %","29.7 %","2.4 %","14.6 %","7","1.11","296","564","860","50.0 %","32.6 %","17.4 %","15.2 %","55.1 %","29.7 %","6661"
"Trevor Bauer","Indians",".292","1.58","20.4 %","48.7 %","30.8 %","8.7 %","11.6 %","100","4.74","1164","1928","3092","37.4 %","34.0 %","28.6 %","19.0 %","49.1 %","31.9 %","12703"
"Aroldis Chapman","- - -",".268","1.58","24.8 %","46.0 %","29.2 %","12.1 %","6.1 %","5","0.78","316","660","976","33.3 %","30.7 %","36.0 %","22.8 %","49.1 %","28.1 %","10233"
"Jimmy Nelson","Brewers",".299","1.58","19.3 %","49.4 %","31.3 %","12.2 %","14.5 %","83","4.17","1118","1866","2984","36.4 %","34.0 %","29.6 %","21.3 %","46.1 %","32.6 %","10547"
"Michael Wacha","Cardinals",".334","1.57","23.9 %","46.6 %","29.6 %","6.2 %","11.6 %","80","5.22","838","1486","2324","41.3 %","31.6 %","27.1 %","18.8 %","51.1 %","30.0 %","14078"
"Gerrit Cole","Pirates",".345","1.57","25.4 %","45.6 %","29.0 %","11.7 %","6.8 %","65","5.04","686","1253","1939","34.7 %","39.1 %","26.2 %","21.3 %","48.6 %","30.1 %","13125"
"Jose Urena","Marlins",".297","1.57","22.0 %","47.7 %","30.3 %","10.7 %","13.1 %","27","2.90","560","877","1437","43.6 %","32.9 %","23.6 %","21.4 %","46.1 %","32.5 %","11589"
"Hunter Strickland","Giants",".274","1.57","22.5 %","47.3 %","30.2 %","5.9 %","7.8 %","23","3.39","364","655","1019","36.1 %","39.5 %","24.4 %","20.4 %","52.9 %","26.7 %","7836"
"Wade Miley","- - -",".328","1.56","22.5 %","47.3 %","30.2 %","5.8 %","16.2 %","90","4.88","960","1772","2732","42.2 %","37.2 %","20.6 %","17.3 %","49.3 %","33.3 %","8779"
"Tanner Roark","Nationals",".269","1.56","20.1 %","48.7 %","31.2 %","6.1 %","9.4 %","106","4.54","1264","2091","3355","38.4 %","36.0 %","25.6 %","23.1 %","52.6 %","24.3 %","8753"
"Michael Fulmer","Tigers",".268","1.56","19.4 %","49.1 %","31.5 %","11.2 %","11.2 %","101","5.72","891","1582","2473","45.9 %","34.5 %","19.6 %","19.2 %","50.4 %","30.4 %","13218"
"Masahiro Tanaka","Yankees",".271","1.55","20.7 %","48.2 %","31.0 %","12.0 %","12.0 %","120","5.41","966","1969","2935","44.6 %","33.3 %","22.1 %","18.5 %","49.1 %","32.5 %","15764"
"Eddie Butler","Rockies",".354","1.55","24.5 %","45.8 %","29.6 %","7.8 %","20.3 %","44","6.19","397","682","1079","35.6 %","34.2 %","30.2 %","13.1 %","48.2 %","38.7 %","13453"
"Kyle Hendricks","Cubs",".250","1.55","20.2 %","48.4 %","31.3 %","9.3 %","9.3 %","110","5.21","1001","1887","2888","37.7 %","36.7 %","25.6 %","25.1 %","49.1 %","25.8 %","12049"
"Nathan Eovaldi","Yankees",".275","1.54","18.3 %","49.6 %","32.1 %","8.1 %","18.7 %","60","4.33","721","1343","2064","36.3 %","39.1 %","24.6 %","16.1 %","50.0 %","33.9 %","9132"
"Bud Norris","- - -",".312","1.54","21.6 %","47.6 %","30.8 %","3.9 %","13.6 %","70","5.58","733","1268","2001","39.0 %","32.0 %","29.0 %","13.2 %","55.1 %","31.7 %","9492"
"Carlos Carrasco","Indians",".289","1.54","20.0 %","48.5 %","31.5 %","3.1 %","16.3 %","86","5.29","760","1487","2247","41.3 %","36.4 %","22.3 %","16.0 %","47.6 %","36.4 %","6632"
"Drew Storen","- - -",".320","1.54","19.6 %","48.7 %","31.6 %","6.0 %","14.0 %","25","4.35","307","564","871","49.4 %","33.1 %","17.5 %","15.6 %","48.8 %","35.6 %","6983"
"Albert Suarez","Giants",".281","1.53","20.8 %","47.9 %","31.3 %","4.8 %","13.3 %","48","5.14","522","851","1373","41.7 %","32.5 %","25.8 %","20.3 %","50.9 %","28.8 %","6175"
"Edwin Diaz","Mariners",".377","1.53","22.5 %","46.8 %","30.6 %","11.8 %","14.7 %","15","2.61","274","557","831","42.3 %","35.1 %","22.5 %","18.9 %","52.3 %","28.8 %","14710"
"Tommy Milone","Twins",".308","1.53","24.4 %","45.7 %","29.9 %","5.7 %","21.4 %","35","4.54","453","770","1223","47.7 %","31.4 %","20.9 %","18.8 %","45.6 %","35.6 %","7608"
"CC Sabathia","Yankees",".288","1.52","16.9 %","50.1 %","33.0 %","13.7 %","12.6 %","86","4.31","1047","1863","2910","44.1 %","33.0 %","22.9 %","24.0 %","51.3 %","24.7 %","404"
"Archie Bradley","Diamondbacks",".338","1.51","25.1 %","45.1 %","29.8 %","5.6 %","12.8 %","95","6.04","983","1593","2576","34.7 %","33.0 %","32.3 %","17.7 %","46.5 %","35.9 %","12918"
"Shane Greene","Tigers",".327","1.51","20.8 %","47.6 %","31.5 %","9.4 %","5.7 %","35","5.22","350","633","983","38.0 %","35.1 %","26.9 %","25.2 %","49.7 %","25.2 %","10756"
"Ryan Madson","Athletics",".292","1.50","22.7 %","46.4 %","30.9 %","10.0 %","11.7 %","21","2.92","363","639","1002","38.7 %","32.7 %","28.6 %","23.6 %","51.3 %","25.1 %","1852"
"Jorge de la Rosa","Rockies",".325","1.49","21.0 %","47.3 %","31.7 %","10.3 %","16.9 %","101","6.78","921","1422","2343","45.5 %","31.7 %","22.8 %","19.1 %","46.4 %","34.5 %","2047"
"Jake Diekman","Rangers",".248","1.49","19.5 %","48.1 %","32.3 %","11.6 %","9.3 %","15","2.55","382","550","932","41.4 %","31.6 %","27.1 %","21.8 %","48.9 %","29.3 %","5003"
"Ubaldo Jimenez","Orioles",".318","1.48","18.0 %","49.0 %","33.0 %","9.1 %","11.2 %","82","5.19","964","1528","2492","41.9 %","33.2 %","24.9 %","19.2 %","49.9 %","30.9 %","3374"
"Julio Urias","Dodgers",".358","1.48","26.8 %","43.7 %","29.6 %","12.7 %","7.9 %","42","4.91","522","894","1416","36.4 %","33.6 %","30.0 %","22.1 %","49.8 %","28.1 %","14765"
"Justin Nicolino","Marlins",".317","1.46","21.5 %","46.6 %","31.9 %","6.7 %","9.0 %","33","3.74","431","778","1209","39.5 %","40.6 %","19.9 %","15.4 %","51.8 %","32.9 %","11754"
"Jeff Locke","Pirates",".314","1.46","20.4 %","47.2 %","32.4 %","7.2 %","12.3 %","83","5.87","752","1344","2096","44.2 %","32.3 %","23.5 %","16.0 %","53.3 %","30.7 %","2929"
"Luis Severino","Yankees",".324","1.45","23.7 %","45.1 %","31.2 %","11.9 %","16.4 %","18","2.28","476","793","1269","31.7 %","36.7 %","31.7 %","20.6 %","50.0 %","29.4 %","15890"
"Tyrell Jenkins","Braves",".265","1.44","18.2 %","48.2 %","33.5 %","5.3 %","19.3 %","22","3.81","393","501","894","33.3 %","37.9 %","28.8 %","17.0 %","46.9 %","36.2 %","11378"
"Jacob deGrom","Mets",".312","1.44","22.7 %","45.6 %","31.7 %","7.7 %","11.5 %","66","4.01","804","1549","2353","32.2 %","38.2 %","29.6 %","19.0 %","49.8 %","31.3 %","10954"
"Jon Lester","Cubs",".256","1.43","20.2 %","46.9 %","32.8 %","10.5 %","12.2 %","121","5.37","1134","2027","3161","42.1 %","32.7 %","25.1 %","18.9 %","54.3 %","26.8 %","4930"
"Matt Albers","White Sox",".326","1.43","17.3 %","48.6 %","34.1 %","4.9 %","16.4 %","25","4.38","336","555","891","36.4 %","38.6 %","25.0 %","16.3 %","51.1 %","32.6 %","4300"
"Adam Wainwright","Cardinals",".330","1.42","25.5 %","43.8 %","30.8 %","10.7 %","11.8 %","117","5.30","1177","2018","3195","39.9 %","36.3 %","23.8 %","19.1 %","49.7 %","31.2 %","2233"
"Vance Worley","Orioles",".281","1.42","17.9 %","48.1 %","34.0 %","11.0 %","12.1 %","54","5.61","475","825","1300","40.2 %","30.9 %","29.0 %","15.2 %","53.2 %","31.6 %","6435"
"Andrew Cashner","- - -",".315","1.40","20.5 %","46.5 %","33.1 %","5.3 %","14.5 %","62","4.23","919","1451","2370","32.6 %","44.1 %","23.3 %","12.5 %","51.7 %","35.8 %","8782"
"Joe Ross","Nationals",".319","1.40","27.1 %","42.6 %","30.3 %","9.6 %","9.6 %","65","5.57","608","1100","1708","34.2 %","39.5 %","26.3 %","16.3 %","54.2 %","29.5 %","12972"
"Michael Pineda","Yankees",".339","1.40","21.6 %","45.8 %","32.6 %","3.8 %","17.0 %","79","4.05","1044","1973","3017","41.1 %","33.3 %","25.6 %","17.2 %","50.1 %","32.7 %","5372"
"Robbie Ray","Diamondbacks",".352","1.40","21.7 %","45.7 %","32.6 %","10.3 %","15.5 %","91","4.70","1141","2035","3176","35.3 %","34.9 %","29.7 %","16.0 %","47.4 %","36.6 %","11486"
"Zach Davies","Brewers",".302","1.40","22.0 %","45.5 %","32.5 %","7.5 %","12.4 %","77","4.24","933","1655","2588","41.2 %","35.0 %","23.9 %","19.7 %","46.5 %","33.8 %","13183"
"Colin Rea","- - -",".290","1.40","22.7 %","45.0 %","32.3 %","10.9 %","11.9 %","72","6.31","688","1073","1761","34.9 %","36.8 %","28.4 %","18.1 %","49.5 %","32.4 %","12317"
"Nate Jones","White Sox",".243","1.39","20.9 %","45.9 %","33.1 %","14.0 %","12.3 %","31","3.95","338","671","1009","37.5 %","33.5 %","29.0 %","21.0 %","50.0 %","29.0 %","4696"
"David Phelps","Marlins",".286","1.38","20.5 %","46.2 %","33.3 %","7.7 %","9.2 %","40","4.15","570","927","1497","32.3 %","43.4 %","24.2 %","17.2 %","57.1 %","25.8 %","6316"
"Chris Archer","Rays",".296","1.38","17.7 %","47.8 %","34.5 %","7.6 %","16.2 %","94","4.20","1264","2145","3409","37.4 %","34.3 %","28.4 %","18.0 %","49.3 %","32.8 %","6345"
"Jeff Samardzija","Giants",".285","1.38","19.9 %","46.5 %","33.6 %","8.0 %","11.9 %","95","4.20","1087","2103","3190","41.9 %","31.0 %","27.2 %","18.1 %","50.4 %","31.5 %","3254"
"George Kontos","Giants",".250","1.37","23.4 %","44.3 %","32.3 %","9.8 %","5.9 %","9","1.52","298","501","799","39.6 %","40.9 %","19.5 %","17.0 %","59.1 %","23.9 %","9486"
"Tyler Wilson","Orioles",".301","1.37","22.0 %","45.1 %","32.9 %","10.2 %","13.9 %","57","5.46","532","938","1470","42.0 %","32.6 %","25.4 %","18.1 %","49.6 %","32.3 %","12691"
"Matt Barnes","Red Sox",".318","1.37","21.1 %","45.6 %","33.3 %","0.0 %","10.0 %","30","4.05","478","717","1195","33.0 %","40.1 %","26.9 %","17.6 %","45.1 %","37.4 %","12863"
"Jon Gray","Rockies",".308","1.36","24.5 %","43.5 %","32.0 %","8.5 %","12.8 %","110","5.89","986","1807","2793","38.7 %","31.7 %","29.7 %","17.8 %","51.7 %","30.6 %","14916"
"Danny Salazar","Indians",".307","1.36","17.1 %","47.8 %","35.1 %","10.4 %","12.8 %","106","6.95","898","1506","2404","38.6 %","37.7 %","23.7 %","15.1 %","51.1 %","33.8 %","5867"
"Jose Alvarez","Angels",".362","1.35","24.2 %","43.5 %","32.3 %","3.3 %","6.7 %","33","5.18","304","626","930","36.0 %","37.6 %","26.5 %","20.1 %","56.6 %","23.3 %","5358"
"Hector Rondon","Cubs",".274","1.34","20.2 %","45.7 %","34.1 %","11.4 %","18.2 %","13","2.29","258","527","785","34.9 %","26.5 %","38.6 %","14.4 %","53.0 %","32.6 %","2391"
"Kelvin Herrera","Royals",".290","1.33","22.7 %","44.2 %","33.1 %","8.3 %","10.0 %","39","4.88","357","734","1091","38.5 %","33.0 %","28.6 %","14.8 %","58.2 %","26.9 %","6033"
"Zack Greinke","Diamondbacks",".294","1.33","19.5 %","45.9 %","34.5 %","10.8 %","13.9 %","94","5.33","870","1633","2503","40.9 %","33.1 %","26.0 %","20.3 %","49.0 %","30.7 %","1943"
"Deolis Guerra","Angels",".272","1.33","26.0 %","42.2 %","31.8 %","10.9 %","10.9 %","25","4.22","314","587","901","45.1 %","29.1 %","25.7 %","23.4 %","48.6 %","28.0 %","8410"
"Logan Verrett","Mets",".303","1.33","22.7 %","44.1 %","33.2 %","3.2 %","16.8 %","41","4.03","558","1012","1570","44.4 %","30.0 %","25.6 %","12.6 %","52.2 %","35.2 %","12905"
"Mike Fiers","Astros",".313","1.32","25.9 %","42.2 %","31.9 %","12.9 %","15.2 %","114","6.08","1005","1766","2771","46.8 %","32.0 %","21.3 %","17.2 %","47.5 %","35.3 %","7754"
"Matt Bush","Rangers",".245","1.32","25.5 %","42.4 %","32.1 %","15.1 %","7.5 %","36","5.25","302","639","941","34.7 %","35.9 %","29.3 %","23.4 %","47.9 %","28.7 %","1246"
"Santiago Casilla","Giants",".292","1.32","16.3 %","47.6 %","36.1 %","13.2 %","15.1 %","4","0.62","343","607","950","44.7 %","33.6 %","21.7 %","19.1 %","52.6 %","28.3 %","2873"
"Doug Fister","Astros",".299","1.32","20.3 %","45.3 %","34.3 %","6.9 %","11.8 %","104","5.19","1143","1857","3000","36.9 %","36.2 %","26.9 %","19.7 %","48.8 %","31.5 %","9425"
"Brad Hand","Padres",".264","1.30","17.3 %","46.7 %","36.0 %","11.7 %","10.4 %","51","5.14","547","900","1447","38.9 %","36.1 %","25.0 %","22.2 %","47.7 %","30.1 %","9111"
"David Price","Red Sox",".310","1.29","22.3 %","43.7 %","33.9 %","10.4 %","13.5 %","169","6.61","1158","2437","3595","44.1 %","31.7 %","24.2 %","18.6 %","46.6 %","34.8 %","3184"
"Carlos Torres","Brewers",".260","1.29","20.7 %","44.6 %","34.7 %","5.2 %","10.4 %","30","3.28","490","827","1317","30.8 %","34.4 %","34.8 %","22.5 %","46.7 %","30.8 %","7624"
"Daniel Hudson","Diamondbacks",".331","1.28","27.1 %","40.9 %","32.0 %","19.0 %","10.3 %","43","6.41","414","699","1113","38.6 %","35.9 %","25.5 %","22.3 %","50.0 %","27.7 %","7146"
"Sean Manaea","Athletics",".281","1.27","21.1 %","44.2 %","34.7 %","8.2 %","13.7 %","70","4.35","713","1456","2169","39.6 %","35.4 %","24.9 %","18.4 %","48.0 %","33.6 %","15873"
"Braden Shipley","Diamondbacks",".300","1.27","23.6 %","42.8 %","33.6 %","2.6 %","18.2 %","40","5.14","481","700","1181","40.6 %","37.2 %","22.2 %","11.1 %","51.7 %","37.2 %","15158"
"A.J. Schugel","Pirates",".264","1.27","24.3 %","42.4 %","33.3 %","8.3 %","8.3 %","22","3.81","280","537","817","38.2 %","41.7 %","20.1 %","15.3 %","49.3 %","35.4 %","11432"
"Jose Fernandez","Marlins",".332","1.27","28.0 %","40.2 %","31.7 %","7.7 %","10.0 %","81","4.00","1024","1916","2940","33.3 %","37.1 %","29.6 %","19.6 %","48.2 %","32.2 %","11530"
"Kevin Gausman","Orioles",".308","1.27","21.2 %","44.1 %","34.7 %","14.3 %","15.4 %","82","4.11","1113","2000","3113","40.9 %","35.0 %","24.1 %","18.3 %","50.7 %","31.1 %","14107"
"Bartolo Colon","Mets",".291","1.27","22.7 %","43.2 %","34.1 %","11.0 %","11.5 %","102","4.79","907","1946","2853","34.2 %","36.0 %","29.8 %","16.2 %","48.4 %","35.4 %","375"
"Junior Guerra","Brewers",".250","1.26","18.9 %","45.3 %","35.8 %","11.6 %","8.3 %","62","4.59","718","1148","1866","41.9 %","33.2 %","24.9 %","19.9 %","46.2 %","33.8 %","5702"
"Cody Allen","Indians",".232","1.26","18.4 %","45.6 %","36.1 %","3.8 %","15.1 %","9","1.19","412","721","1133","39.3 %","34.7 %","26.0 %","13.3 %","51.3 %","35.3 %","12183"
"Carlos Rodon","White Sox",".330","1.26","20.9 %","44.1 %","34.9 %","9.6 %","13.8 %","95","5.18","1043","1752","2795","37.9 %","31.3 %","30.9 %","16.3 %","56.0 %","27.8 %","16137"
"Rich Hill","- - -",".275","1.26","18.9 %","45.3 %","35.8 %","12.6 %","4.2 %","59","4.81","621","1198","1819","39.4 %","32.7 %","27.9 %","22.3 %","49.4 %","28.3 %","4806"
"Jake Thompson","Phillies",".264","1.26","16.9 %","46.4 %","36.7 %","9.8 %","16.4 %","23","3.86","384","535","919","38.2 %","35.3 %","26.6 %","14.5 %","51.5 %","34.1 %","14371"
"Juan Nicasio","Pirates",".331","1.25","21.8 %","43.5 %","34.7 %","10.9 %","13.6 %","63","4.81","773","1392","2165","38.7 %","33.1 %","28.2 %","20.1 %","54.2 %","25.7 %","7731"
"Hector Neris","Phillies",".272","1.25","24.6 %","41.9 %","33.5 %","9.4 %","14.1 %","32","3.59","497","861","1358","45.6 %","32.6 %","21.8 %","17.1 %","53.9 %","29.0 %","11804"
"Joel De La Cruz","Braves",".268","1.25","22.5 %","43.1 %","34.4 %","5.6 %","13.9 %","20","2.87","373","635","1008","38.1 %","38.1 %","23.7 %","19.5 %","46.5 %","34.0 %","12825"
"Carlos Villanueva","Padres",".319","1.25","24.2 %","42.1 %","33.8 %","12.3 %","21.0 %","31","3.77","400","793","1193","48.6 %","29.2 %","22.2 %","16.1 %","46.1 %","37.9 %","4138"
"John Gant","Braves",".329","1.24","24.1 %","42.1 %","33.8 %","8.2 %","14.3 %","18","3.24","342","601","943","42.0 %","33.3 %","24.7 %","17.3 %","46.0 %","36.7 %","13684"
"Josh Tomlin","Indians",".276","1.24","21.0 %","43.8 %","35.2 %","7.9 %","17.7 %","99","5.12","841","1771","2612","43.3 %","35.1 %","21.6 %","16.4 %","49.7 %","33.9 %","9388"
"Drew Pomeranz","- - -",".268","1.24","16.6 %","46.2 %","37.2 %","11.7 %","13.6 %","77","4.06","1049","1792","2841","37.7 %","34.2 %","28.2 %","19.1 %","49.5 %","31.5 %","11426"
"Tony Cingrani","Reds",".277","1.24","15.7 %","46.6 %","37.6 %","10.4 %","7.5 %","10","1.43","434","661","1095","39.0 %","33.5 %","27.5 %","16.5 %","57.7 %","25.8 %","12555"
"Christian Friedrich","Padres",".295","1.24","18.8 %","44.9 %","36.3 %","16.3 %","8.8 %","72","5.01","779","1360","2139","43.6 %","30.8 %","25.7 %","18.9 %","48.7 %","32.5 %","7942"
"Kenta Maeda","Dodgers",".283","1.23","20.5 %","43.9 %","35.7 %","11.2 %","11.8 %","110","5.64","1046","1884","2930","38.6 %","37.0 %","24.4 %","20.0 %","50.9 %","29.0 %","18498"
"Chad Kuhl","Pirates",".304","1.23","19.6 %","44.3 %","36.1 %","7.6 %","8.9 %","40","5.09","422","719","1141","44.6 %","31.3 %","24.1 %","19.6 %","47.3 %","33.0 %","14975"
"Corey Kluber","Indians",".271","1.23","19.3 %","44.5 %","36.3 %","6.4 %","10.8 %","138","5.78","1093","2096","3189","38.8 %","30.9 %","30.2 %","19.9 %","52.6 %","27.6 %","2429"
"Tom Koehler","Marlins",".298","1.23","23.3 %","42.2 %","34.5 %","9.9 %","12.1 %","93","4.74","1214","1875","3089","42.5 %","33.8 %","23.8 %","21.0 %","50.5 %","28.6 %","6570"
"Pat Dean","Twins",".350","1.22","19.1 %","44.4 %","36.4 %","11.0 %","15.9 %","35","4.68","428","730","1158","44.1 %","34.4 %","21.6 %","18.5 %","48.9 %","32.6 %","11350"
"Joe Musgrove","Astros",".289","1.22","20.9 %","43.4 %","35.7 %","10.8 %","13.8 %","21","3.05","330","650","980","36.8 %","40.1 %","23.1 %","18.1 %","47.3 %","34.6 %","12970"
"Alex Wilson","Tigers",".285","1.21","18.8 %","44.4 %","36.8 %","11.0 %","6.1 %","34","4.19","444","686","1130","35.8 %","40.3 %","23.9 %","13.3 %","56.6 %","30.1 %","9239"
"Matt Harvey","Mets",".353","1.20","25.3 %","40.8 %","33.9 %","11.2 %","8.2 %","27","2.62","498","1016","1514","28.0 %","38.3 %","33.7 %","24.3 %","45.3 %","30.3 %","11713"
"J.A. Happ","Blue Jays",".268","1.20","22.0 %","42.5 %","35.5 %","9.6 %","11.1 %","149","6.88","1117","1916","3033","35.6 %","37.4 %","27.0 %","17.8 %","50.6 %","31.6 %","7410"
"Jake Barrett","Diamondbacks",".261","1.20","17.8 %","44.8 %","37.4 %","11.5 %","9.8 %","18","2.73","366","588","954","36.8 %","35.6 %","27.6 %","18.4 %","49.7 %","31.9 %","13322"
"Ervin Santana","Twins",".285","1.19","21.7 %","42.6 %","35.7 %","7.8 %","9.9 %","75","3.72","1124","1807","2931","39.1 %","34.7 %","26.2 %","19.0 %","51.7 %","29.3 %","3200"
"Jeremy Hellickson","Phillies",".274","1.19","24.9 %","40.7 %","34.4 %","14.3 %","12.7 %","85","4.05","1061","1864","2925","44.3 %","33.9 %","21.9 %","20.8 %","53.3 %","25.9 %","4371"
"Steven Wright","Red Sox",".279","1.18","19.4 %","43.7 %","36.9 %","9.5 %","7.1 %","112","6.43","921","1575","2496","37.5 %","35.8 %","26.7 %","23.5 %","48.7 %","27.8 %","8185"
"Shelby Miller","Diamondbacks",".340","1.18","22.6 %","41.9 %","35.5 %","9.1 %","11.6 %","47","4.19","637","1103","1740","34.1 %","40.8 %","25.1 %","15.0 %","49.1 %","35.8 %","10197"
"Anthony DeSclafani","Reds",".295","1.18","22.6 %","41.9 %","35.5 %","8.7 %","12.6 %","64","4.67","723","1245","1968","34.0 %","37.8 %","28.3 %","16.0 %","53.8 %","30.2 %","13050"
"Cody Anderson","Indians",".381","1.18","26.4 %","39.8 %","33.8 %","8.8 %","19.1 %","27","4.01","341","655","996","46.5 %","28.7 %","24.8 %","15.8 %","51.5 %","32.7 %","12799"
"Yovani Gallardo","Orioles",".303","1.18","20.1 %","43.2 %","36.7 %","6.6 %","11.7 %","63","4.81","871","1236","2107","42.9 %","33.3 %","23.8 %","18.5 %","54.0 %","27.5 %","8173"
"R.A. Dickey","Blue Jays",".279","1.17","21.9 %","42.1 %","36.0 %","14.1 %","14.7 %","83","4.40","971","1771","2742","40.3 %","31.7 %","28.0 %","22.7 %","47.3 %","30.0 %","1245"
"John Lamb","Reds",".327","1.17","21.8 %","42.1 %","36.1 %","11.5 %","17.9 %","34","4.37","472","792","1264","42.1 %","32.5 %","25.4 %","21.1 %","44.7 %","34.2 %","8493"
"Justin Grimm","Cubs",".321","1.17","23.0 %","41.5 %","35.6 %","6.3 %","10.4 %","37","6.32","355","551","906","38.2 %","41.9 %","19.9 %","17.7 %","45.6 %","36.8 %","11720"
"Brett Oberholtzer","- - -",".306","1.16","21.4 %","42.3 %","36.3 %","5.9 %","21.2 %","42","5.37","425","793","1218","45.2 %","33.3 %","21.5 %","14.4 %","51.5 %","34.2 %","3855"
"Taijuan Walker","Mariners",".267","1.16","18.1 %","44.1 %","37.9 %","12.4 %","17.6 %","62","4.15","815","1496","2311","41.1 %","35.0 %","24.0 %","20.8 %","50.6 %","28.6 %","11836"
"Luis Cessa","Yankees",".233","1.16","19.5 %","43.2 %","37.3 %","6.1 %","19.5 %","46","5.89","384","668","1052","48.2 %","27.0 %","24.8 %","16.2 %","50.0 %","33.8 %","13345"
"Arquimedes Caminero","- - -",".324","1.15","19.0 %","43.4 %","37.6 %","12.7 %","9.9 %","25","3.71","433","669","1102","37.5 %","39.6 %","22.9 %","19.3 %","51.0 %","29.7 %","8992"
"Michael Feliz","Astros",".315","1.14","21.1 %","42.1 %","36.8 %","5.4 %","17.9 %","41","5.68","428","720","1148","39.2 %","34.6 %","26.1 %","15.7 %","51.6 %","32.7 %","11903"
"Tony Watson","Pirates",".232","1.14","17.8 %","43.8 %","38.4 %","9.9 %","14.1 %","14","1.86","352","693","1045","38.2 %","35.1 %","26.7 %","19.9 %","56.0 %","24.1 %","3132"
"Mat Latos","- - -",".280","1.14","19.5 %","42.9 %","37.7 %","8.0 %","12.6 %","53","6.81","450","734","1184","37.7 %","31.8 %","30.5 %","22.9 %","47.0 %","30.1 %","3815"
"Scott Kazmir","Dodgers",".298","1.14","23.3 %","40.8 %","35.9 %","14.3 %","15.0 %","96","6.34","887","1505","2392","37.0 %","35.3 %","27.7 %","20.4 %","54.4 %","25.2 %","4897"
"Rick Porcello","Red Sox",".269","1.13","18.9 %","43.1 %","38.0 %","13.8 %","9.3 %","189","7.63","1119","2291","3410","42.8 %","32.6 %","24.5 %","16.9 %","53.1 %","30.0 %","2717"
"Chris Tillman","Orioles",".282","1.13","22.5 %","41.2 %","36.3 %","7.7 %","10.5 %","88","4.60","1117","1819","2936","38.8 %","34.5 %","26.7 %","18.3 %","50.2 %","31.5 %","5279"
"Ricky Nolasco","- - -",".294","1.13","18.8 %","43.1 %","38.1 %","5.5 %","11.1 %","99","4.51","1123","2004","3127","42.0 %","37.8 %","20.2 %","14.4 %","51.4 %","34.1 %","3830"
"Pedro Baez","Dodgers",".232","1.13","19.7 %","42.6 %","37.7 %","11.6 %","15.9 %","28","3.41","390","788","1178","36.9 %","40.1 %","23.0 %","20.9 %","49.2 %","30.0 %","5420"
"John Lackey","Cubs",".255","1.13","22.7 %","41.0 %","36.3 %","8.4 %","12.9 %","108","5.16","981","1872","2853","37.6 %","36.0 %","26.5 %","16.2 %","49.4 %","34.4 %","1507"
"David Robertson","White Sox",".307","1.13","14.3 %","45.5 %","40.3 %","9.7 %","9.7 %","9","1.30","393","657","1050","44.7 %","30.8 %","24.5 %","16.4 %","56.6 %","27.0 %","8241"
"Matt Andriese","Rays",".304","1.13","19.0 %","42.9 %","38.0 %","11.5 %","11.5 %","64","4.51","657","1326","1983","35.3 %","35.8 %","28.9 %","16.6 %","49.1 %","34.3 %","12022"
"Seth Lugo","Mets",".230","1.12","18.9 %","42.8 %","38.3 %","2.9 %","10.1 %","42","5.91","347","614","961","38.4 %","37.9 %","23.7 %","16.8 %","44.7 %","38.4 %","12447"
"Steve Cishek","Mariners",".242","1.11","16.8 %","43.9 %","39.4 %","13.1 %","13.1 %","11","1.55","406","670","1076","36.9 %","38.2 %","24.8 %","18.5 %","51.6 %","29.9 %","6483"
"Jordan Zimmermann","Tigers",".304","1.11","18.0 %","43.1 %","38.9 %","14.7 %","10.3 %","61","5.21","569","1138","1707","34.8 %","36.2 %","28.9 %","18.5 %","54.2 %","27.3 %","4505"
"Ken Giles","Astros",".349","1.11","24.7 %","39.6 %","35.7 %","9.1 %","14.5 %","22","3.02","366","751","1117","33.1 %","35.0 %","31.9 %","19.1 %","51.0 %","29.9 %","12910"
"Adam Warren","- - -",".261","1.11","16.7 %","43.8 %","39.6 %","6.6 %","14.5 %","41","5.65","457","728","1185","47.2 %","33.9 %","19.0 %","23.1 %","48.7 %","28.2 %","9029"
"Jason Hammel","Cubs",".267","1.10","19.8 %","42.1 %","38.1 %","7.7 %","13.8 %","89","4.81","929","1694","2623","37.0 %","36.2 %","26.8 %","18.5 %","49.0 %","32.5 %","4538"
"Nathan Karns","Mariners",".327","1.10","23.2 %","40.3 %","36.5 %","8.3 %","11.5 %","63","6.01","641","1038","1679","36.9 %","35.8 %","27.2 %","18.7 %","50.8 %","30.6 %","12638"
"Mike Foltynewicz","Braves",".301","1.10","21.4 %","41.2 %","37.4 %","11.0 %","13.2 %","80","5.84","712","1408","2120","39.4 %","31.6 %","29.0 %","20.4 %","49.9 %","29.8 %","10811"
"Carlos Estevez","Rockies",".297","1.10","16.3 %","43.8 %","39.9 %","11.5 %","9.8 %","28","4.58","387","638","1025","33.1 %","38.3 %","28.6 %","19.5 %","48.7 %","31.8 %","14542"
"Brad Brach","Orioles",".267","1.10","20.7 %","41.5 %","37.8 %","8.2 %","9.6 %","59","6.72","459","836","1295","47.9 %","30.4 %","21.7 %","20.6 %","51.6 %","27.8 %","6627"
"Randall Delgado","Diamondbacks",".309","1.09","21.2 %","41.2 %","37.6 %","11.8 %","9.4 %","25","3.00","535","820","1355","44.2 %","31.2 %","24.7 %","16.9 %","50.2 %","32.9 %","5985"
"Matt Shoemaker","Angels",".315","1.09","23.7 %","39.8 %","36.5 %","13.2 %","10.3 %","71","3.99","823","1653","2476","41.8 %","33.6 %","24.6 %","17.4 %","52.5 %","30.1 %","4776"
"Jesse Chavez","- - -",".316","1.09","17.7 %","42.9 %","39.4 %","9.0 %","15.4 %","33","4.43","377","746","1123","36.2 %","35.7 %","28.1 %","16.1 %","52.8 %","31.2 %","5448"
"Chris Sale","White Sox",".279","1.09","21.0 %","41.2 %","37.8 %","9.3 %","11.9 %","126","5.00","1142","2289","3431","41.2 %","32.8 %","26.0 %","17.0 %","51.3 %","31.7 %","10603"
"Daniel Mengden","Athletics",".344","1.09","24.1 %","39.5 %","36.4 %","5.0 %","11.3 %","40","5.00","473","836","1309","29.9 %","41.5 %","28.6 %","18.8 %","51.8 %","29.5 %","16980"
"Collin McHugh","Astros",".338","1.09","20.6 %","41.3 %","38.1 %","11.8 %","11.8 %","118","5.75","1098","2061","3159","36.1 %","34.7 %","29.2 %","20.0 %","49.7 %","30.2 %","7531"
"Ryan Pressly","Twins",".311","1.08","24.2 %","39.4 %","36.4 %","11.9 %","9.5 %","44","5.26","424","796","1220","33.1 %","30.5 %","36.4 %","17.0 %","51.3 %","31.8 %","7005"
"Hisashi Iwakuma","Mariners",".311","1.08","21.4 %","40.8 %","37.8 %","11.0 %","11.9 %","120","5.43","988","1993","2981","41.4 %","34.2 %","24.5 %","16.8 %","50.6 %","32.6 %","13048"
"Dillon Gee","Royals",".309","1.08","21.0 %","41.0 %","38.0 %","9.6 %","15.4 %","58","4.18","732","1315","2047","39.1 %","33.2 %","27.7 %","19.8 %","51.3 %","28.9 %","7396"
"Mike Wright","Orioles",".299","1.08","19.2 %","41.8 %","38.9 %","11.8 %","12.9 %","38","4.58","492","804","1296","35.0 %","30.9 %","34.2 %","18.1 %","49.8 %","32.1 %","12586"
"Raisel Iglesias","Reds",".275","1.06","21.3 %","40.6 %","38.2 %","8.9 %","8.9 %","24","2.76","468","777","1245","37.0 %","35.1 %","28.0 %","19.9 %","56.4 %","23.7 %","17130"
"Ryan Vogelsong","Pirates",".280","1.06","21.4 %","40.5 %","38.1 %","12.5 %","11.5 %","38","4.15","571","819","1390","40.0 %","32.3 %","27.7 %","21.5 %","49.2 %","29.2 %","1011"
"Wei-Yin Chen","Marlins",".302","1.06","21.4 %","40.5 %","38.1 %","6.8 %","14.9 %","76","5.55","644","1274","1918","38.7 %","34.9 %","26.5 %","15.8 %","49.1 %","35.1 %","13071"
"James Shields","- - -",".302","1.06","21.4 %","40.4 %","38.2 %","6.7 %","17.8 %","65","3.22","1277","1856","3133","42.9 %","32.8 %","24.4 %","15.3 %","50.9 %","33.8 %","7059"
"Miguel Gonzalez","White Sox",".289","1.06","21.8 %","40.1 %","38.0 %","9.3 %","6.8 %","60","4.00","737","1363","2100","44.7 %","31.9 %","23.5 %","18.1 %","53.3 %","28.6 %","7024"
"Matt Wisler","Braves",".279","1.05","21.4 %","40.2 %","38.4 %","6.3 %","13.7 %","67","3.85","890","1548","2438","38.6 %","35.6 %","25.8 %","17.3 %","45.1 %","37.6 %","12804"
"Aaron Blair","Braves",".304","1.04","22.2 %","39.7 %","38.0 %","14.6 %","15.7 %","29","3.73","483","731","1214","45.4 %","34.9 %","19.8 %","21.0 %","50.0 %","29.0 %","14934"
"Jose Quintana","White Sox",".293","1.04","20.9 %","40.4 %","38.7 %","13.4 %","9.5 %","93","4.02","1205","2077","3282","42.0 %","32.1 %","25.9 %","18.6 %","48.7 %","32.7 %","11423"
"Liam Hendriks","Athletics",".344","1.04","21.4 %","40.1 %","38.5 %","15.3 %","8.3 %","26","3.62","351","730","1081","30.7 %","38.1 %","31.2 %","23.3 %","48.7 %","28.0 %","3548"
"Addison Reed","Mets",".286","1.04","22.6 %","39.5 %","37.9 %","5.4 %","5.4 %","36","4.17","346","847","1193","31.5 %","31.5 %","37.0 %","12.5 %","54.5 %","33.0 %","10586"
"Edwin Jackson","- - -",".305","1.04","21.1 %","40.2 %","38.7 %","7.8 %","13.6 %","42","4.50","554","847","1401","35.9 %","41.1 %","23.0 %","13.3 %","53.3 %","33.3 %","1841"
"Jerad Eickhoff","Phillies",".278","1.03","20.1 %","40.7 %","39.3 %","12.7 %","13.1 %","87","3.97","1106","1922","3028","43.1 %","33.0 %","23.9 %","20.0 %","49.2 %","30.8 %","12664"
"Josh Smith","Reds",".264","1.03","17.4 %","41.8 %","40.8 %","6.7 %","14.7 %","34","5.13","387","655","1042","44.9 %","35.1 %","20.0 %","18.4 %","53.5 %","28.1 %","10946"
"Yusmeiro Petit","Nationals",".291","1.01","17.4 %","41.5 %","41.0 %","12.5 %","15.0 %","18","2.61","320","648","968","38.3 %","38.3 %","23.4 %","18.4 %","52.2 %","29.4 %","4020"
"Blake Snell","Rays",".356","1.01","27.3 %","36.5 %","36.1 %","7.8 %","5.6 %","51","5.16","679","1037","1716","30.6 %","37.7 %","31.8 %","22.2 %","46.4 %","31.4 %","13543"
"Yu Darvish","Rangers",".290","1.01","19.6 %","40.4 %","40.0 %","10.0 %","12.0 %","54","4.84","556","1023","1579","40.8 %","35.6 %","23.6 %","22.8 %","47.2 %","30.0 %","13074"
"Stephen Strasburg","Nationals",".294","1.01","21.3 %","39.5 %","39.2 %","7.7 %","10.6 %","111","6.77","799","1586","2385","38.2 %","32.3 %","29.5 %","21.4 %","52.0 %","26.6 %","10131"
"Daniel Norris","Tigers",".327","0.99","23.0 %","38.3 %","38.8 %","6.2 %","12.3 %","47","6.10","429","761","1190","34.0 %","40.2 %","25.8 %","12.4 %","54.6 %","33.0 %","13475"
"David Hernandez","Phillies",".335","0.99","25.0 %","37.3 %","37.7 %","13.0 %","14.3 %","32","3.96","458","818","1276","38.2 %","27.5 %","34.3 %","18.4 %","54.1 %","27.5 %","4259"
"Seung Hwan Oh","Cardinals",".270","0.99","19.5 %","40.0 %","40.5 %","10.7 %","6.7 %","42","4.74","431","872","1303","33.2 %","42.1 %","24.7 %","15.3 %","50.5 %","34.2 %","18719"
"Nick Wittgren","Marlins",".286","0.98","20.6 %","39.4 %","40.0 %","1.6 %","9.7 %","20","3.48","282","560","842","34.4 %","38.8 %","26.9 %","14.4 %","50.6 %","35.0 %","15594"
"Adam Morgan","Phillies",".332","0.98","25.0 %","37.1 %","37.9 %","9.2 %","16.3 %","45","3.57","704","1243","1947","38.3 %","34.6 %","27.2 %","18.5 %","46.7 %","34.8 %","12580"
"Brandon Finnegan","Reds",".256","0.97","22.5 %","38.1 %","39.4 %","6.2 %","14.9 %","99","5.18","1134","1750","2884","38.3 %","35.3 %","26.4 %","16.4 %","47.7 %","35.9 %","16208"
"Mike Morin","Angels",".295","0.97","21.3 %","38.8 %","40.0 %","14.1 %","9.4 %","18","2.91","279","569","848","48.8 %","29.6 %","21.6 %","27.8 %","45.1 %","27.2 %","13442"
"A.J. Ramos","Marlins",".309","0.97","25.9 %","36.4 %","37.7 %","14.8 %","1.6 %","6","0.84","428","689","1117","45.8 %","32.5 %","21.7 %","18.7 %","48.8 %","32.5 %","8350"
"Matt Cain","Giants",".321","0.96","23.9 %","37.3 %","38.8 %","16.8 %","15.0 %","36","3.63","575","993","1568","34.5 %","40.4 %","25.1 %","21.6 %","47.0 %","31.4 %","4732"
"Neftali Feliz","Pirates",".240","0.96","22.7 %","37.9 %","39.4 %","15.4 %","19.2 %","25","4.19","336","604","940","35.6 %","27.4 %","37.0 %","19.3 %","43.7 %","37.0 %","18"
"Jose Berrios","Twins",".344","0.96","22.5 %","38.0 %","39.6 %","8.1 %","16.2 %","39","6.02","480","664","1144","42.2 %","36.5 %","21.4 %","18.2 %","48.4 %","33.3 %","14168"
"Anibal Sanchez","Tigers",".317","0.96","19.1 %","39.6 %","41.3 %","15.5 %","15.5 %","87","5.11","938","1639","2577","43.0 %","33.1 %","24.0 %","18.3 %","49.9 %","31.8 %","3284"
"Derek Holland","Rangers",".295","0.96","21.7 %","38.3 %","40.0 %","10.6 %","10.6 %","58","4.86","657","1171","1828","39.5 %","36.1 %","24.4 %","17.7 %","50.1 %","32.2 %","4141"
"Clay Buchholz","Red Sox",".263","0.96","15.8 %","41.2 %","43.0 %","15.1 %","11.4 %","77","4.97","820","1406","2226","46.7 %","31.0 %","22.3 %","18.6 %","50.1 %","31.3 %","3543"
"Madison Bumgarner","Giants",".265","0.95","18.9 %","39.6 %","41.5 %","11.1 %","10.7 %","136","5.40","1202","2369","3571","43.6 %","33.4 %","23.0 %","19.4 %","49.1 %","31.6 %","5524"
"Mike Clevinger","Indians",".288","0.95","21.7 %","38.2 %","40.1 %","11.5 %","13.1 %","31","5.26","382","585","967","44.2 %","27.9 %","27.9 %","18.2 %","50.7 %","31.2 %","12808"
"Paul Clemens","- - -",".274","0.94","17.6 %","39.8 %","42.5 %","9.6 %","14.9 %","47","5.93","463","733","1196","46.0 %","31.9 %","22.1 %","15.5 %","45.1 %","39.4 %","8037"
"Julio Teheran","Braves",".260","0.93","19.0 %","39.1 %","41.9 %","8.6 %","10.0 %","70","3.35","1032","1939","2971","39.0 %","35.1 %","25.9 %","17.7 %","49.2 %","33.1 %","6797"
"Adam Conley","Marlins",".299","0.93","20.7 %","38.2 %","41.1 %","9.8 %","8.5 %","76","5.13","854","1420","2274","33.9 %","40.2 %","25.9 %","20.5 %","48.2 %","31.4 %","14457"
"Travis Wood","Cubs",".215","0.92","21.8 %","37.4 %","40.8 %","17.8 %","11.0 %","15","2.21","345","671","1016","33.9 %","37.8 %","28.3 %","18.3 %","44.4 %","37.2 %","9884"
"Matt Moore","- - -",".285","0.91","19.7 %","38.2 %","42.1 %","7.9 %","10.4 %","111","5.04","1170","2115","3285","37.3 %","37.8 %","24.9 %","15.3 %","54.0 %","30.8 %","1890"
"Brandon Maurer","Padres",".296","0.90","20.4 %","37.8 %","41.8 %","9.5 %","8.3 %","10","1.29","455","774","1229","30.2 %","40.6 %","29.2 %","18.8 %","42.1 %","39.1 %","4878"
"Heath Hembree","Red Sox",".294","0.90","23.6 %","36.3 %","40.1 %","7.9 %","9.5 %","23","4.06","292","570","862","36.5 %","37.7 %","25.8 %","17.0 %","46.5 %","36.5 %","11632"
"Vidal Nuno","Mariners",".326","0.90","23.9 %","36.1 %","40.0 %","11.1 %","15.3 %","18","2.76","312","626","938","49.2 %","29.5 %","21.3 %","16.9 %","51.4 %","31.7 %","9674"
"Fernando Salas","- - -",".258","0.90","17.2 %","39.2 %","43.5 %","8.8 %","13.2 %","35","4.28","405","807","1212","42.9 %","28.6 %","28.6 %","18.6 %","46.7 %","34.8 %","4971"
"Zach Eflin","Phillies",".261","0.90","23.5 %","36.2 %","40.3 %","11.2 %","13.5 %","31","4.41","356","636","992","34.5 %","38.1 %","27.4 %","17.5 %","49.3 %","33.2 %","13774"
"Mychal Givens","Orioles",".314","0.90","25.4 %","35.3 %","39.3 %","10.3 %","8.8 %","38","4.58","460","846","1306","42.3 %","25.1 %","32.6 %","26.9 %","49.7 %","23.4 %","10430"
"Chase Anderson","Brewers",".287","0.88","22.8 %","36.1 %","41.1 %","6.4 %","14.9 %","87","5.16","1023","1616","2639","42.3 %","29.8 %","27.9 %","17.2 %","46.2 %","36.6 %","6895"
"Phil Hughes","Twins",".323","0.87","23.9 %","35.4 %","40.7 %","10.6 %","12.9 %","26","3.97","300","607","907","39.2 %","35.4 %","25.5 %","14.6 %","47.6 %","37.7 %","7450"
"Michael Tonkin","Twins",".344","0.86","26.3 %","34.1 %","39.5 %","11.1 %","16.0 %","31","3.89","462","825","1287","37.5 %","33.2 %","29.3 %","17.8 %","47.6 %","34.6 %","10315"
"Dylan Bundy","Orioles",".299","0.85","21.9 %","35.9 %","42.2 %","19.3 %","13.3 %","77","6.32","686","1265","1951","39.1 %","32.6 %","28.3 %","23.6 %","48.5 %","28.0 %","12917"
"Danny Duffy","Royals",".291","0.85","20.9 %","36.4 %","42.8 %","8.2 %","13.0 %","81","4.06","891","1816","2707","35.6 %","34.2 %","30.2 %","17.8 %","45.6 %","36.6 %","3542"
"Matt Boyd","Tigers",".286","0.85","17.0 %","38.1 %","44.9 %","14.4 %","12.9 %","54","4.99","573","1110","1683","40.7 %","33.0 %","26.3 %","19.2 %","50.8 %","30.0 %","15440"
"Vince Velasquez","Phillies",".325","0.84","24.0 %","34.8 %","41.2 %","12.1 %","14.9 %","56","3.85","798","1415","2213","32.9 %","36.8 %","30.3 %","18.4 %","49.0 %","32.6 %","11189"
"Zach McAllister","Indians",".318","0.83","21.7 %","35.5 %","42.8 %","10.8 %","9.2 %","25","4.30","348","584","932","29.9 %","39.6 %","30.5 %","20.1 %","46.8 %","33.1 %","2895"
"Jake Odorizzi","Rays",".271","0.83","19.0 %","36.6 %","44.4 %","9.1 %","12.0 %","108","5.18","1184","2124","3308","36.3 %","34.1 %","29.7 %","16.8 %","49.5 %","33.7 %","6397"
"Chris Devenski","Astros",".271","0.82","25.9 %","33.5 %","40.6 %","13.3 %","3.5 %","44","3.66","509","1068","1577","38.1 %","38.4 %","23.5 %","19.2 %","51.6 %","29.2 %","12763"
"Kevin Quackenbush","Padres",".260","0.82","21.7 %","35.3 %","42.9 %","7.6 %","10.1 %","46","6.94","386","639","1025","28.6 %","37.6 %","33.9 %","19.6 %","36.5 %","43.9 %","12360"
"Jake Peavy","Giants",".320","0.82","19.1 %","36.4 %","44.5 %","9.7 %","10.9 %","65","4.93","709","1317","2026","38.2 %","37.4 %","24.5 %","14.7 %","48.2 %","37.1 %","1051"
"Tim Adleman","Reds",".252","0.80","18.2 %","36.4 %","45.5 %","4.2 %","13.7 %","45","5.81","385","722","1107","44.2 %","32.6 %","23.3 %","14.0 %","50.7 %","35.4 %","10968"
"Wade LeBlanc","- - -",".256","0.76","21.3 %","34.0 %","44.7 %","8.3 %","16.7 %","26","3.77","321","624","945","50.0 %","30.0 %","20.0 %","19.0 %","50.0 %","31.1 %","5221"
"Shawn Kelley","Nationals",".258","0.74","14.4 %","36.4 %","49.2 %","9.2 %","13.8 %","16","2.48","274","633","907","37.6 %","30.8 %","31.6 %","16.5 %","51.1 %","32.3 %","7773"
"Kevin Siegrist","Cardinals",".221","0.73","19.6 %","34.0 %","46.4 %","16.9 %","14.1 %","25","3.65","398","652","1050","25.2 %","46.5 %","28.4 %","23.2 %","49.7 %","27.1 %","8180"
"Hansel Robles","Mets",".307","0.73","28.6 %","30.1 %","41.3 %","17.6 %","8.2 %","34","3.94","493","883","1376","41.2 %","35.9 %","23.0 %","19.6 %","43.5 %","36.8 %","11801"
"Tyler Thornburg","Brewers",".229","0.72","22.8 %","32.4 %","44.8 %","15.4 %","9.2 %","34","4.57","414","731","1145","39.7 %","32.2 %","28.1 %","17.8 %","45.9 %","36.3 %","10688"
"Colby Lewis","Rangers",".241","0.72","18.6 %","34.1 %","47.4 %","7.6 %","11.1 %","55","4.26","611","1139","1750","42.7 %","37.8 %","19.6 %","13.6 %","49.5 %","37.0 %","1259"
"Joe Blanton","Dodgers",".240","0.71","21.8 %","32.5 %","45.6 %","5.3 %","7.4 %","40","4.50","452","826","1278","35.3 %","39.6 %","25.1 %","14.5 %","51.2 %","34.3 %","4849"
"Ross Ohlendorf","Reds",".265","0.71","21.8 %","32.4 %","45.8 %","17.1 %","17.1 %","24","3.29","450","688","1138","35.9 %","32.1 %","32.1 %","17.4 %","52.7 %","29.9 %","8268"
"Justin Verlander","Tigers",".255","0.71","18.6 %","33.7 %","47.7 %","11.3 %","10.9 %","110","4.35","1213","2455","3668","39.6 %","34.3 %","26.2 %","19.7 %","51.4 %","28.9 %","8700"
"Roberto Osuna","Blue Jays",".256","0.70","19.8 %","33.2 %","47.1 %","20.5 %","10.2 %","10","1.22","344","790","1134","39.7 %","31.2 %","29.1 %","25.4 %","37.6 %","37.0 %","13764"
"Ian Kennedy","Royals",".268","0.70","19.6 %","33.2 %","47.3 %","12.8 %","12.8 %","107","4.92","1199","2179","3378","40.0 %","30.8 %","29.2 %","18.6 %","45.1 %","36.4 %","6986"
"Marco Estrada","Blue Jays",".234","0.69","18.3 %","33.5 %","48.2 %","16.8 %","9.9 %","71","3.63","1066","1777","2843","40.3 %","32.3 %","27.4 %","21.1 %","47.7 %","31.3 %","1118"
"Max Scherzer","Nationals",".255","0.69","19.2 %","33.0 %","47.9 %","13.1 %","11.9 %","136","5.36","1145","2418","3563","39.8 %","29.9 %","30.3 %","22.2 %","47.8 %","30.1 %","3137"
"Eduardo Rodriguez","Red Sox",".278","0.69","22.4 %","31.6 %","46.0 %","11.8 %","11.1 %","43","3.62","696","1158","1854","39.4 %","31.8 %","28.9 %","22.2 %","50.2 %","27.6 %","13164"
"Hector Santiago","- - -",".260","0.68","15.9 %","34.1 %","50.0 %","13.5 %","12.0 %","131","6.48","1162","2010","3172","41.3 %","33.2 %","25.5 %","18.1 %","44.5 %","37.3 %","4026"
"Nick Tropeano","Angels",".309","0.68","17.5 %","33.3 %","49.2 %","11.8 %","15.1 %","31","4.08","470","743","1213","40.0 %","32.3 %","27.7 %","15.4 %","48.2 %","36.4 %","12385"
"Nick Vincent","Mariners",".271","0.67","20.2 %","31.9 %","47.9 %","11.5 %","14.1 %","30","4.48","296","639","935","38.6 %","30.7 %","30.7 %","21.1 %","55.4 %","23.5 %","7555"
"Dan Straily","Reds",".239","0.67","19.9 %","32.0 %","48.0 %","7.8 %","12.0 %","97","4.56","1111","1950","3061","39.7 %","35.5 %","24.7 %","14.8 %","52.9 %","32.2 %","9460"
"Ryan Dull","Athletics",".209","0.65","15.6 %","33.2 %","51.3 %","16.7 %","9.8 %","24","2.91","441","776","1217","38.8 %","38.8 %","22.4 %","18.4 %","54.7 %","26.9 %","13974"
"Antonio Bastardo","- - -",".278","0.64","21.7 %","30.4 %","47.8 %","13.6 %","12.5 %","25","3.33","457","766","1223","42.8 %","31.6 %","25.7 %","21.9 %","48.7 %","29.4 %","8844"
"Drew Smyly","Rays",".291","0.63","19.4 %","31.3 %","49.3 %","15.9 %","12.7 %","89","4.57","1027","1866","2893","41.2 %","31.5 %","27.3 %","21.4 %","49.0 %","29.6 %","11760"
"Chris Young","Royals",".317","0.63","19.2 %","31.3 %","49.4 %","13.7 %","21.4 %","33","3.35","642","1036","1678","49.1 %","30.0 %","21.0 %","16.5 %","42.0 %","41.6 %","3196"
"Tyler Clippard","- - -",".288","0.62","19.0 %","31.0 %","50.0 %","25.3 %","12.7 %","44","6.29","388","671","1059","45.4 %","27.0 %","27.6 %","25.2 %","46.6 %","28.2 %","5640"
"Craig Kimbrel","Red Sox",".242","0.61","22.5 %","29.4 %","48.0 %","6.1 %","8.2 %","5","0.85","365","570","935","40.8 %","27.2 %","32.0 %","14.6 %","52.4 %","33.0 %","6655"
"Ariel Miranda","- - -",".222","0.61","17.6 %","31.2 %","51.2 %","16.1 %","13.8 %","50","7.76","321","587","908","41.8 %","32.4 %","25.9 %","17.7 %","45.3 %","37.1 %","17526"
"A.J. Griffin","Rangers",".274","0.61","23.1 %","29.1 %","47.8 %","13.9 %","16.9 %","73","5.52","773","1290","2063","39.3 %","37.3 %","23.5 %","18.1 %","43.8 %","38.1 %","11132"
"Jered Weaver","Angels",".301","0.60","23.0 %","28.8 %","48.2 %","14.8 %","12.7 %","115","5.81","986","1849","2835","45.6 %","32.1 %","22.4 %","18.6 %","46.7 %","34.7 %","4235"
"Jason Grilli","- - -",".270","0.59","20.0 %","29.6 %","50.4 %","7.4 %","14.7 %","37","5.64","413","659","1072","29.4 %","36.0 %","34.6 %","16.2 %","49.3 %","34.6 %","521"
"Kenley Jansen","Dodgers",".238","0.55","15.4 %","30.0 %","54.6 %","15.5 %","5.6 %","8","1.05","278","724","1002","33.6 %","34.3 %","32.1 %","20.2 %","47.0 %","32.8 %","3096"
"Ryan Buchter","Padres",".227","0.35","21.3 %","20.6 %","58.1 %","16.5 %","5.1 %","18","2.57","451","676","1127","31.6 %","36.0 %","32.4 %","21.3 %","49.3 %","29.4 %","9456"
